<?xml version="1.0" encoding="UTF-8"?>
<!DOCTYPE suite SYSTEM "http://testng.org/testng-1.0.dtd">
<suite configfailurepolicy="continue" name="Apollo Test suite Android"
       thread-count="1" verbose="1">
    <listeners>
        <listener class-name="listeners.ExReportListener"/>
    </listeners>
    <test annotations="JDK" name="AndroidTests"
          preserve-order="true">
        <classes>
            <class name="mobile.android.login.LoginTest"/>
            <class name="mobile.android.login.ChallengeTest"/>
            <class name="mobile.android.login.TwoFactorAuthenticationTest"/>
            <class name="mobile.android.more.accountservices.DocumentDeliveryTest"/>
            <class name="mobile.android.more.accountservices.DocumentDeliveryOptionsTest"/>
            <class name="mobile.android.accounts.AccountsTest"/>
            <class name="mobile.android.accounts.AccountsValidationTest"/>
            <class name="mobile.android.analysis.AnalysisTest"/>
            <class name="mobile.android.analysis.AnalysisFilterTest"/>
            <class name="mobile.android.analysis.AnalysisChipsTest"/>
            <class name="mobile.android.analysis.AnalysisSectionsTest"/>
            <class name="mobile.android.more.activity.ActivityTest"/>
            <class name="mobile.android.more.documents.DocumentsTest"/>
            <class name="mobile.android.DocumentsTest"/>
            <class name="mobile.android.portfolio.PortfolioTest"/>
            <class name="mobile.android.portfolio.PortfolioViewTest"/>
            <class name="mobile.android.more.vault.VaultTest"/>
            <class name="mobile.android.more.fundstransfer.FundsTransferTest"/>
            <class name="mobile.android.more.marketresearch.SymbolQuoteTest"/>
            <class name="mobile.android.more.notifications.NotificationsTest"/>
            <class name="mobile.android.dashboard.DashboardTest"/>
        </classes>
    </test>
</suite>