<?xml version="1.0" encoding="UTF-8"?>
<!DOCTYPE suite SYSTEM "http://testng.org/testng-1.0.dtd">
<suite configfailurepolicy="continue" name="Apollo Test suite IOS"
       thread-count="1" verbose="1">
    <listeners>
        <!--<listener class-name="jarvis.mobile.reports.extent.ReportListener"/>-->
        <listener class-name="listeners.ExReportListener"/>
    </listeners>
    <test annotations="JDK" name="IOSTests"
          preserve-order="true">
        <classes>
            <class name="mobile.ios.login.LoginTest"/>
            <class name="mobile.ios.login.ChallengeTest"/>
            <class name="mobile.ios.login.TwoFactorAuthenticationTest"/>
            <class name="mobile.ios.more.accountservices.DocumentDeliveryTest"/>
            <class name="mobile.ios.more.accountservices.DocumentDeliveryOptionsTest"/>
            <class name="mobile.ios.accounts.AccountsTest"/>
            <class name="mobile.ios.accounts.AccountsValidationTest"/>
            <class name="mobile.ios.portfolio.PortfolioTest"/>
            <class name="mobile.ios.portfolio.PortfolioViewTest"/>
            <class name="mobile.ios.analysis.AnalysisTest"/>
            <class name="mobile.ios.analysis.AnalysisFilterTest"/>
            <class name="mobile.ios.analysis.AnalysisChipsTest"/>
            <class name="mobile.ios.analysis.AnalysisSectionsTest"/>
            <class name="mobile.ios.more.activity.ActivityTest"/>
            <class name="mobile.ios.more.documents.DocumentsTest"/>
            <class name="mobile.ios.more.vault.VaultTest"/>
            <class name="mobile.ios.more.fundstransfer.FundsTransferTest"/>
            <class name="mobile.ios.more.marketresearch.SymbolQuoteTest"/>
            <class name="mobile.ios.dashboard.DashboardTest"/>
        </classes>
    </test>
</suite>